{"cameraMode":{"drawMode":0,"name":"Shaded","section":"Shading Mode"},"sceneLighting":true,"audioPlay":false,"sceneViewState":{"m_AlwaysRefresh":false,"showFog":true,"showSkybox":true,"showFlares":true,"showImageEffects":true,"showParticleSystems":true,"showVisualEffectGraphs":true,"m_FxEnabled":true},"in2DMode":false,"pivot":{"x":12.0394868850708,"y":16.99725341796875,"z":-26.084983825683595},"rotation":{"x":0.02101457305252552,"y":0.011103473603725434,"z":0.000051366438128752634,"w":0.9997807145118713},"size":0.029766716063022615,"orthographic":false}