{"cameraMode":{"drawMode":0,"name":"Shaded","section":"Shading Mode"},"sceneLighting":true,"audioPlay":false,"sceneViewState":{"m_AlwaysRefresh":false,"showFog":true,"showSkybox":true,"showFlares":true,"showImageEffects":true,"showParticleSystems":true,"showVisualEffectGraphs":true,"m_FxEnabled":true},"in2DMode":false,"pivot":{"x":-30.28270149230957,"y":2.2595789432525636,"z":-0.0472724586725235},"rotation":{"x":0.09890633821487427,"y":0.7210695743560791,"z":-0.10481840372085571,"w":0.6777685284614563},"size":0.013478381559252739,"orthographic":false}