{"cameraMode":{"drawMode":0,"name":"Shaded","section":"Shading Mode"},"sceneLighting":true,"audioPlay":false,"sceneViewState":{"m_AlwaysRefresh":false,"showFog":true,"showSkybox":true,"showFlares":true,"showImageEffects":true,"showParticleSystems":true,"showVisualEffectGraphs":true,"m_FxEnabled":true},"in2DMode":false,"pivot":{"x":-9.07109260559082,"y":24.26710319519043,"z":6.911212921142578},"rotation":{"x":0.02460992895066738,"y":0.0015323531115427614,"z":0.0005080298869870603,"w":0.9996976256370544},"size":25.98316192626953,"orthographic":false}