{"cameraMode":{"drawMode":0,"name":"Shaded","section":"Shading Mode"},"sceneLighting":true,"audioPlay":false,"sceneViewState":{"m_AlwaysRefresh":false,"showFog":true,"showSkybox":true,"showFlares":true,"showImageEffects":true,"showParticleSystems":true,"showVisualEffectGraphs":true,"m_FxEnabled":true},"in2DMode":false,"pivot":{"x":-19.093442916870118,"y":12.473002433776856,"z":-27.28985023498535},"rotation":{"x":0.07707469910383225,"y":0.08997288346290589,"z":-0.0064947037026286129,"w":0.9930827021598816},"size":0.00001706443254079204,"orthographic":false}